d,sig_w2,sig_num_locs,sig_runtime,shell_w2,shell_num_locs,shell_runtime,sig_eff,shell_eff
0.5,0.18010668456554413,200,0.020100116729736328,1.1048170328140259,101,0.023627042770385742,0.0009005334228277207,0.010938782503109166
2.0,0.18010668456554413,200,0.0009548664093017578,1.4252183437347412,101,0.010165929794311523,0.0009005334228277207,0.014111072710244962
3.5,0.18010668456554413,200,0.0009140968322753906,2.3160581588745117,101,0.011014938354492188,0.0009005334228277207,0.022931268899747642
5.0,0.18010668456554413,200,0.0008950233459472656,3.137856960296631,101,0.010845184326171875,0.0009005334228277207,0.031067890696006246
6.5,0.18010668456554413,200,0.0008981227874755859,4.281026363372803,201,0.01771068572998047,0.0009005334228277207,0.021298638623745286
8.0,0.18010668456554413,200,0.0008761882781982422,5.135526657104492,201,0.017769813537597656,0.0009005334228277207,0.025549883866191503
