d,sig_w2,sig_num_locs,sig_runtime,shell_w2,shell_num_locs,shell_runtime
0.5,0.18010668456554413,200,0.02056407928466797,1.1048170328140259,101,0.023302793502807617
2.0,0.18010668456554413,200,0.0009899139404296875,1.4252183437347412,101,0.010023117065429688
3.5,0.18010668456554413,200,0.0009019374847412109,2.3160581588745117,101,0.00956583023071289
5.0,0.18010668456554413,200,0.0009312629699707031,3.137856960296631,101,0.010220050811767578
6.5,0.18010668456554413,200,0.0009059906005859375,4.281026363372803,201,0.01724410057067871
8.0,0.18010668456554413,200,0.000978231430053711,5.135526657104492,201,0.017051219940185547
